{
 "models": [
  "Claude Sonnet 4.6",
  "DeepSeek V3.1",
  "Claude Haiku 4.5",
  "GPT-4o",
  "GPT-4o mini",
  "Llama 3.3 70B",
  "Llama 3.1 8B",
  "Gemini 3.5 Flash"
 ],
 "table2": {
  "Claude Sonnet 4.6": {
   "Held-Out": 98.07692307692308,
   "Hard": 95.83333333333333,
   "Calib": 100.0,
   "Mechanism": 96.66666666666667,
   "Overload": 83.33333333333333,
   "Machines": 83.33333333333333
  },
  "DeepSeek V3.1": {
   "Held-Out": 98.71794871794872,
   "Hard": 98.61111111111111,
   "Calib": 97.61904761904762,
   "Mechanism": 93.33333333333333,
   "Overload": 66.66666666666667,
   "Machines": 83.33333333333333
  },
  "Claude Haiku 4.5": {
   "Held-Out": 98.71794871794872,
   "Hard": 97.22222222222223,
   "Calib": 97.61904761904762,
   "Mechanism": 90.0,
   "Overload": 50.0,
   "Machines": 66.66666666666667
  },
  "GPT-4o": {
   "Held-Out": 96.07843137254902,
   "Hard": 95.71428571428571,
   "Calib": 100.0,
   "Mechanism": 93.33333333333333,
   "Overload": 83.33333333333333,
   "Machines": 100.0
  },
  "GPT-4o mini": {
   "Held-Out": 92.90322580645162,
   "Hard": 97.22222222222223,
   "Calib": 100.0,
   "Mechanism": 83.33333333333333,
   "Overload": 83.33333333333333,
   "Machines": 83.33333333333333
  },
  "Llama 3.3 70B": {
   "Held-Out": 93.54838709677419,
   "Hard": 88.73239436619718,
   "Calib": 97.61904761904762,
   "Mechanism": 89.65517241379311,
   "Overload": 100.0,
   "Machines": 16.666666666666668
  },
  "Llama 3.1 8B": {
   "Held-Out": 85.8974358974359,
   "Hard": 79.16666666666667,
   "Calib": 97.61904761904762,
   "Mechanism": 90.0,
   "Overload": 100.0,
   "Machines": 33.333333333333336
  },
  "Gemini 3.5 Flash": {
   "Held-Out": 81.69934640522875,
   "Hard": 83.09859154929578,
   "Calib": 66.66666666666667,
   "Mechanism": 66.66666666666667,
   "Overload": 16.666666666666668,
   "Machines": 60.0
  }
 },
 "mcnemar": [
  [
   1.0,
   0.25,
   0.5,
   1.0,
   0.5,
   0.0625,
   0.0009765625,
   0.001953125
  ],
  [
   0.25,
   1.0,
   1.0,
   0.25,
   1.0,
   0.7265625,
   0.057373046875,
   0.09228515625
  ],
  [
   0.5,
   1.0,
   1.0,
   0.5,
   1.0,
   0.453125,
   0.0224609375,
   0.0654296875
  ],
  [
   1.0,
   0.25,
   0.5,
   1.0,
   0.5,
   0.0625,
   0.0009765625,
   0.001953125
  ],
  [
   0.5,
   1.0,
   1.0,
   0.5,
   1.0,
   0.453125,
   0.0224609375,
   0.03857421875
  ],
  [
   0.0625,
   0.7265625,
   0.453125,
   0.0625,
   0.453125,
   1.0,
   0.109375,
   0.1795654296875
  ],
  [
   0.0009765625,
   0.057373046875,
   0.0224609375,
   0.0009765625,
   0.0224609375,
   0.109375,
   1.0,
   1.0
  ],
  [
   0.001953125,
   0.09228515625,
   0.0654296875,
   0.001953125,
   0.03857421875,
   0.1795654296875,
   1.0,
   1.0
  ]
 ]
}